sample	PfAMA_1,63A67A71G107A109T139T146G147T164G	PfAMA_1,34A63A71G137C146G158A164G	PfAMA_1,107A139T147T164G167G	PfCSP_1,84T125N126D=TTTATTCTAACTTGAATACCATT149N150N151N152N153N154N155N156N157N203C214G217C264T	PfAMA_1,107A139T147T	PfCSP_1,84T97G115N116N117N118N119N120N121N122N123N124D=GCTTTATTCTAACTTGAATACCATTTCCACAAGTTACACTA165N190C203C214G217C264T	PfTRAP_1,36C51C100A112C118A123N124D=TATTGTATGATCTATTTTCATTATTTCTACCATGTGGACGTGTTTCTCTATCTTCACTATTAGGT189N190N191N192N193N194N195N196N197N262G	PfCSP_1,115N116N117N118N119N120N121N122N123N124D=GCTTTATTCTAACTTGAATACCATTTCCACAAGTTACACTA165N203C214G217C264T	PfCSP_1,84T115N116N117N118N119N120N121N122N123N124D=GCTTTATTCTAACTTGAATACCATTTCCACAAGTTACACTA165N
1000BC10c_S100	0	0	1307	0	21	0	0	2	2
15C10c_S171	0	0	99	100	0	0	0	0	0
5KB110KA210c_S109	0	0	0	0	0	0	0	0	0
5KB25KB110c_S110	0	0	0	0	0	0	0	0	0
625E110KA210c_S145	0	0	0	0	0	0	0	0	0
625E25KB110c_S146	0	0	0	0	0	0	0	0	0
SP011228651210c_S191	2078	0	0	0	0	0	0	0	0
SP011228685010c_S127	72	0	0	0	0	0	0	0	0
SP011228685210c_S106	0	1774	0	0	0	0	0	0	0
SP011228685410c_S105	0	163	0	0	0	0	3	0	0
SP011228685510c_S104	0	115	0	0	0	14	0	0	0
